,asset_group,point_type,point_description,unit
7871,CDWP,CDWP-#-CMD-OUT,,
22898,CDWP,CDWP-#-READY-ON-IN,,
13951,CDWP,CDWP-#-RUNTIME-IN,,
19701,CDWP,CDWP-MAX-IN,,
8607,CDWP,CDWP-RUNNING-IN,,
22010,CDWP,CDWP-RUNNING-OUT,,
10808,CHWP,CHWP-#-CMD-OUT,,
19706,CHWP,CHWP-#-READY-ON-IN,,
12178,CHWP,CHWP-#-RUNTIME-IN,,
9689,CHWP,CHWP-MAX-IN,,
15784,CHWP,CHWP-MAX-OUT,,
18217,CHWP,CHWP-RUNNING-IN,,
7284,CHWP,CHWP-RUNNING-OUT,,
4253,CHWP,CHWP-RUNNUNG-OUT,,
19233,CHWP,CHWP-T#-#-AM,,
26114,CHWP,CHWP-T#-#-C,,
15023,CHWP,CHWP-T#-#-CMD-IN,,
1383,CHWP,CHWP-T#-#-D-P,,
25212,CHWP,CHWP-T#-#-EANBLE,,
23624,CHWP,CHWP-T#-#-ES,,
18158,CHWP,CHWP-T#-#-FS,,
6275,CHWP,CHWP-T#-#-MA,,
24598,CHWP,CHWP-T#-#-MM,,
4531,CHWP,CHWP-T#-#-PS,,
28246,CHWP,CHWP-T#-#-READY-ON-OUT,,
29069,CHWP,CHWP-T#-#-RESET,,
23077,CHWP,CHWP-T#-#-RUNTIME,,
15476,CHWP,CHWP-T#-#-RUNTIME-OFFSET,,
2444,CHWP,CHWP-T#-#-RUNTIME-OUT,,
8711,CHWP,CHWP-T#-#-S,,
8842,CHWP,CHWP-T#-#-S-P,,
3738,CHWP,CHWP-T#-#-SC,,
15789,CHWP,CHWP-T#-#-SS,,
274,CHWP,CHWP-T#-#-VSDF,,
27716,CHWP,CHWP-T#-#-VSDS,,
28017,CHWP,CHWP-VSD-PA,,
25514,CHWP,CHWP-VSD-PA-SP,,
17205,CHWP,CHWP-VSD-PID-OUT,,
18250,CHWRH,CHWRH-ET#,,
26774,CHWRH,CHWRH-LT#,,
8670,CHWRH,CHWRH-WFR#,,
673,CLBP,CLBP-T#-#-AM,,
7044,CLBP,CLBP-T#-#-MA,,
6269,CLBP,CLBP-T#-#-PS,,
1405,CLBP,CLBP-T#-#-S,,
4849,CT,CT-#-CMD-OUT,,
2961,CT,CT-#-HEAT-ON-IN,,
13179,CT,CT-#-HEAT-ON-OUT,,
28256,CT,CT-#-READY-ON-IN,,
1077,CT,CT-#-RUNTIME-IN,,
7280,CT,CT-#-VS-OPEN-OUT,,
9190,CT,CT-C-#,,
5358,CT,CT-ET,,
21005,CT,CT-FAN-OFF,,
10249,CT,CT-FAN-OFF-IN,,
23760,CT,CT-FAN-OFF-OUT,,
18803,CT,CT-FAN-OFF-SP,,
6672,CT,CT-FAN-OFF-TEMP-SP,,
24117,CT,CT-FOG-HEAT-IN,,
4656,CT,CT-FOG-HEAT-OUT,,
28783,CT,CT-FOG-IN,,
5399,CT,CT-FOG-OUT,,
22835,CT,CT-MAX-IN,,
5959,CT,CT-MAX-OUT,,
15764,CT,CT-OAH,,
7976,CT,CT-OAT,,
9166,CT,CT-RUNNING-OUT,,
5061,CT,CT-T#-#-AM,,
4181,CT,CT-T#-#-C,,
21997,CT,CT-T#-#-CDWET,,
21247,CT,CT-T#-#-CDWLT,,
17965,CT,CT-T#-#-CMD-IN,,
8149,CT,CT-T#-#-DC#,,
18905,CT,CT-T#-#-DS#,,
15331,CT,CT-T#-#-EANBLE,,
11125,CT,CT-T#-#-ES,,
23531,CT,CT-T#-#-ET#,,
20406,CT,CT-T#-#-FR,,
17845,CT,CT-T#-#-FS,,
10790,CT,CT-T#-#-FS#,,
17684,CT,CT-T#-#-HC,,
28041,CT,CT-T#-#-HL,,
1239,CT,CT-T#-#-HS,,
9157,CT,CT-T#-#-LL,,
27788,CT,CT-T#-#-LT#,,
6804,CT,CT-T#-#-MA,,
7873,CT,CT-T#-#-MM,,
11728,CT,CT-T#-#-OHA#,,
20253,CT,CT-T#-#-PS,,
27725,CT,CT-T#-#-READY-ON-OUT,,
17760,CT,CT-T#-#-RESET,,
19061,CT,CT-T#-#-RUNTIME,,
12551,CT,CT-T#-#-RUNTIME-OFFSET,,
3594,CT,CT-T#-#-RUNTIME-OUT,,
9643,CT,CT-T#-#-S,,
3739,CT,CT-T#-#-SC,,
2069,CT,CT-T#-#-SS,,
21787,CT,CT-T#-#-VALVE-OPEN-IN,,
11980,CT,CT-T#-#-VALVE-OPEN-OUT,,
1975,CT,CT-T#-#-VC#,,
13410,CT,CT-T#-#-VS#,,
28121,CT,CT-T#-#-VS-OPEN-IN,,
3645,CT,CT-T#-#-VSDF,,
20859,CT,CT-T#-#-VSDS,,
4333,CT,CT-T#-#-WFR,,
26771,CT,CT-VALVE-OPEN-IN,,
21428,CT,CT-VALVE-OPEN-OUT,,
6393,CT,CT-VS-OPEN-OUT,,
3362,CT,CT-VSD-OUT-#,,
28198,CT,CT-VSD-T-SP,,
28176,CT,CT-VSD-T-SP-IN,,
563,CWBP,CWBP-T#-#-AM,,
18120,CWBP,CWBP-T#-#-MA,,
1579,CWBP,CWBP-T#-#-PS,,
10364,CWBP,CWBP-T#-#-S,,
29169,CWP,CWP-MAX,,
1474,CWP,CWP-RUNNING-OUT,,
13608,CWP,CWP-ST-IN,,
8962,CWP,CWP-T#-#-AM,,
25564,CWP,CWP-T#-#-C,,
7459,CWP,CWP-T#-#-CMD-IN,,
4760,CWP,CWP-T#-#-D-P,,
26095,CWP,CWP-T#-#-EANBLE,,
743,CWP,CWP-T#-#-ES,,
22926,CWP,CWP-T#-#-FS,,
12241,CWP,CWP-T#-#-MA,,
12402,CWP,CWP-T#-#-MM,,
3006,CWP,CWP-T#-#-PS,,
10830,CWP,CWP-T#-#-READY-ON-OUT,,
14135,CWP,CWP-T#-#-RESET,,
11410,CWP,CWP-T#-#-RUNTIME,,
11746,CWP,CWP-T#-#-RUNTIME-OFFSET,,
14488,CWP,CWP-T#-#-RUNTIME-OUT,,
24484,CWP,CWP-T#-#-S,,
14541,CWP,CWP-T#-#-S-P,,
1510,CWP,CWP-T#-#-SC,,
5523,CWP,CWP-T#-#-SS,,
2244,CWP,CWP-T#-#-VSDF,,
17907,CWP,CWP-T#-#-VSDS,,
25918,CWP,CWP-VSD-T-SP,,
11215,CWUP,CWUP-T#-#-AM,,
21118,CWUP,CWUP-T#-#-MA,,
18408,CWUP,CWUP-T#-#-PS,,
12199,CWUP,CWUP-T#-#-S,,
14796,ELEC-LTG,LTG-#,,
1942,ELEC-LTG,LTG-#-AM,Auto/Manaul Status,
5817,ELEC-LTG,LTG-#-C,On/Off Control,
23850,ELEC-PLT,PLTG-Z#-C,On/Off Control,
16365,ELEC-PLT,PLTG-Z#-M,Auto/Manaul Status,
29086,ELEC-PLT,PLTG-Z#-S,On/Off Status,
7500,FAF,FAF-L#M-#-AM,,
24831,FAF,FAF-L#M-#-C,,
16287,FAF,FAF-L#M-#-ES,,
13490,FAF,FAF-L#M-#-FT,,
10603,FAF,FAF-L#M-#-MA,,
4124,FAF,FAF-L#M-#-PS,,
4117,FAF,FAF-L#M-#-S,,
26364,FAF,FAF-T#-L#-# -SP-T,,
6262,FAF,FAF-T#-L#-#-AFS,,
8801,FAF,FAF-T#-L#-#-AM,,
25810,FAF,FAF-T#-L#-#-C,,
28153,FAF,FAF-T#-L#-#-ES,,
7743,FAF,FAF-T#-L#-#-FT,,
12449,FAF,FAF-T#-L#-#-MA,,
11929,FAF,FAF-T#-L#-#-MOD,,
2677,FAF,FAF-T#-L#-#-PS,,
13657,FAF,FAF-T#-L#-#-S,,
27414,FAF,FAF-T#-RF-#-AM,,
6054,FAF,FAF-T#-RF-#-C,,
24434,FAF,FAF-T#-RF-#-ES,,
17189,FAF,FAF-T#-RF-#-FA,,
16203,FAF,FAF-T#-RF-#-FT,,
1054,FAF,FAF-T#-RF-#-MA,,
18292,FAF,FAF-T#-RF-#-PS,,
26406,FAF,FAF-T#-RF-#-S,,
10083,FAF,FAF-T#-URF-# -AM,,
6673,FAF,FAF-T#-URF-# -C,,
14606,FAF,FAF-T#-URF-# -ES,,
13812,FAF,FAF-T#-URF-# -MA,,
27826,FAF,FAF-T#-URF-# -PS,,
23469,FAF,FAF-T#-URF-# -S,,
26333,FAF,FAF-T#-URF-#-AM,,
1,FAF,FAF-T#-URF-#-C,,
7886,FAF,FAF-T#-URF-#-DS,,
26096,FAF,FAF-T#-URF-#-ES,,
15420,FAF,FAF-T#-URF-#-FA,,
15615,FAF,FAF-T#-URF-#-FS,,
4691,FAF,FAF-T#-URF-#-FT,,
29459,FAF,FAF-T#-URF-#-MA,,
10886,FAF,FAF-T#-URF-#-PS,,
19080,FAF,FAF-T#-URF-#-S,,
18929,FAF,FAFT#L#-C,,
13192,FAF,FAFT#L#-M,,
17051,FAF,FAFT#L#-MA,,
20870,FAF,FAFT#L#-PS,,
3956,FAF,FAFT#L#-S,,
13455,FUELOILTK,FUELOILTK-HL,,
25662,FUELOILTK,FUELOILTK-LL,,
13246,FWBP,FWBP-T#-#-AM,,
20851,FWBP,FWBP-T#-#-MA,,
7514,FWBP,FWBP-T#-#-PS,,
5800,FWBP,FWBP-T#-#-S,,
22214,FWT,FWT-T#-A-HL,,
571,FWT,FWT-T#-A-LL,,
5477,FWT,FWT-T#-B-HL,,
16191,FWT,FWT-T#-B-LL,,
16763,FWT,FWT-T#-E-HL,,
29326,FWT,FWT-T#-E-LL,,
6963,FWT,FWT-T#-F-LL,,
23682,FWUP,FWUP-T#-#-AM,,
1026,FWUP,FWUP-T#-#-MA,,
3224,FWUP,FWUP-T#-#-PS,,
7366,FWUP,FWUP-T#-#-S,,
28626,GEN,GEN-G#-BCF,,
26896,GEN,GEN-G#-BLV,,
20988,GEN,GEN-G#-CA,,
23244,GEN,GEN-G#-EFTS,,
15730,GEN,GEN-G#-MA,,
27380,GEN,GEN-G#-R,,
23887,GEN,GEN-G#-S,,
11713,GEN,GEN-GT#-AM,,
2902,GEN,GEN-GT#-BCF,,
8453,GEN,GEN-GT#-BLV,,
23088,GEN,GEN-GT#-CA,,
23411,GEN,GEN-GT#-EFTS,,
25537,GEN,GEN-GT#-MA,,
22902,GEN,GEN-GT#-PS,,
22458,GEN,GEN-GT#-R,,
26655,GEN,GEN-GT#-S,,
21318,GEN,GENUNIT_CAL_CAPA,,
20824,GEN,GENUNIT_CAP_T,,
1953,GEN,GENUNIT_CHIL_S_S,,
11745,GEN,GENUNIT_CH_STATE,,
7626,GEN,GENUNIT_CM_STAS#,,
2150,GEN,GENUNIT_CTL_MODE,,
21669,GEN,GENUNIT_CTRL_TYP,,
13708,GEN,GENUNIT_CURR_LIM,,
1601,GEN,GENUNIT_DEM_LIM,,
6355,GEN,GENUNIT_EMSTOP,,
27007,GEN,GENUNIT_MIN_LEFT,,
7445,GEN,GENUNIT_SETPOINT,,
26821,GEN,GENUNIT_SP,,
9596,GEN,GENUNIT_STATSTOP,,
12785,GEN,GENUNIT_STATUS,,
10023,GEN,GENUNIT_TOT_CURR,,
7372,IRBP,IRBP-T#-#-AM,,
23569,IRBP,IRBP-T#-#-MA,,
4450,IRBP,IRBP-T#-#-PS,,
29468,IRBP,IRBP-T#-#-S,,
10278,LVBE,LVBE-T#-#-#A-BCF,,
7574,LVBE,LVBE-T#-#-#A-BLV,,
5581,LVBE,LVBE-T#-#-BCF,,
20931,LVBE,LVBE-T#-#-BLV,,
28352,LVBE,LVBE-T#-#-INACB#-F,,
8311,LVBE,LVBE-T#-#-INACB#-S,,
1450,LVBE,LVBE-T#-#-INCACB-#B-S,,
25509,LVBE,LVBE-T#-#-INCACB-#K-S,,
28062,LVBE,LVBE-T#-#-OGMCCB-#B-S,,
21238,LVBE,LVBE-T#-#-OGMCCB-#B-T,,
14893,LVBE,LVBE-T#-#-OGMCCB-#C-S,,
18267,LVBE,LVBE-T#-#-OGMCCB-#C-T,,
14284,LVBE,LVBE-T#-#-OGMCCB-#D-S,,
20288,LVBE,LVBE-T#-#-OGMCCB-#D-T,,
10106,LVBE,LVBE-T#-#-OGMCCB-#DH-T,,
684,LVBE,LVBE-T#-#-OGMCCB-#E-S,,
22144,LVBE,LVBE-T#-#-OGMCCB-#E-T,,
22232,LVBE,LVBE-T#-#-OGMCCB-#F-T,,
12506,LVBE,LVBE-T#-#-OGMCCB-#G-S,,
7328,LVBE,LVBE-T#-#-OGMCCB-#G-T,,
14441,LVBE,LVBE-T#-#-OGMCCB-#I-T,,
21544,LVBE,LVBE-T#-#-OGMCCB-#J-S,,
23099,LVBE,LVBE-T#-#-OGMCCB-#J-T,,
13779,LVBE,LVBE-T#-#-OGMCCB-#L-S,,
25777,LVBE,LVBE-T#-#-OGMCCB-#L-T,,
1862,LVBE,LVBE-T#-#-OUTGACB#-F,,
367,LVBE,LVBE-T#-#-OUTGACB#-S,,
18195,LVBN,LVBN-T#-#-#A-BCF,,
3122,LVBN,LVBN-T#-#-#A-BLV,,
1738,LVBN,LVBN-T#-#-#C-T,,
12711,LVBN,LVBN-T#-#-#E-BCF,,
4758,LVBN,LVBN-T#-#-#E-BLV,,
12736,LVBN,LVBN-T#-#-INCACB-#D-S,,
18963,LVBN,LVBN-T#-#-INCACB-#D-T,,
15584,LVBN,LVBN-T#-#-MCCB#-T,,
4930,LVBN,LVBN-T#-#-OGACB#-T,,
4571,LVBN,LVBN-T#-#-OGACB-#B-S,,
9868,LVBN,LVBN-T#-#-OGACB-#B-T,,
27180,LVBN,LVBN-T#-#-OGACB-#C-S,,
20777,LVBN,LVBN-T#-#-OGACB-#C-T,,
209,LVBN,LVBN-T#-#-OGACB-#D-S,,
5836,LVBN,LVBN-T#-#-OGACB-#D-T,,
12930,LVBN,LVBN-T#-#-OGACB-#I-S,,
8312,LVBN,LVBN-T#-#-OGACB-#I-T,,
18132,LVBN,LVBN-T#-#-OGMCCB#F-T,,
1334,LVBN,LVBN-T#-#-OGMCCB-#B -S,,
7772,LVBN,LVBN-T#-#-OGMCCB-#B -T,,
23671,LVBN,LVBN-T#-#-OGMCCB-#B-S,,
11927,LVBN,LVBN-T#-#-OGMCCB-#B-T,,
1349,LVBN,LVBN-T#-#-OGMCCB-#D-S,,
7343,LVBN,LVBN-T#-#-OGMCCB-#D-T,,
19099,LVBN,LVBN-T#-#-OGMCCB-#E-S,,
4195,LVBN,LVBN-T#-#-OGMCCB-#E-T,,
21640,LVBN,LVBN-T#-#-OGMCCB-#F-S,,
1346,LVBN,LVBN-T#-#-OGMCCB-#F-T,,
14238,LVBN,LVBN-T#-#-OGMCCB-#G-T,,
2852,LVBN,LVBN-T#-#-OGMCCB-#H-T,,
13069,LVBN,LVBN-T#-#-OGMCCB-#I-S,,
3889,LVBN,LVBN-T#-#-OGMCCB-#I-T,,
20134,LVBN,LVBN-T#-#-OGMCCB-#J-S,,
21347,LVBN,LVBN-T#-#-OGMCCB-#J-T,,
21146,LVBN,LVBN-T#-#-OGMCCB-#K-S,,
16674,LVBN,LVBN-T#-#-OGMCCB-#K-T,,
26489,LVBN,LVBN-T#-#-OGMCCB-#L-S,,
2334,LVBN,LVBN-T#-#-OGMCCB-#L-T,,
12563,LVBN,LVBN-T#-#-SECTION-S,,
8740,MUWP,MUWP-P,,
9803,MUWP,MUWP-P#,,
21418,MUWP,MUWP-RF-T#-#&#-MA,,
17386,MUWP,MUWP-RF-T#-#&#-S,,
21820,MUWP,MUWP-WFR,,
2036,MUWT,MUWT-AC-T#-#A-HL,,
3877,MUWT,MUWT-AC-T#-#B-HL,,
9359,MUWT,MUWT-AC-T#-#B-LL,,
26561,MVAC-AHU,AHU-#,,
14897,MVAC-AHU,AHU-AFS,Air Flow Status,
11313,MVAC-AHU,AHU-C,On/Off Control,
12685,MVAC-AHU,AHU-CAV-C,,
28268,MVAC-AHU,AHU-CRWT,Chilled Water Return Temperature,deg C
7001,MVAC-AHU,AHU-CSWT,Chilled Water Supply Temperature,deg C
6494,MVAC-AHU,AHU-CV--S-HL,,
19585,MVAC-AHU,AHU-CV-C,Chilled Water Valve Control,
13698,MVAC-AHU,AHU-CV-S,Chilled Water Valve Status,
13693,MVAC-AHU,AHU-EMS,Emergency Stop,
23992,MVAC-AHU,AHU-FT,Fire Trip,
21673,MVAC-AHU,AHU-KWH,,
22426,MVAC-AHU,AHU-M,Auto/Manaul Status,
21935,MVAC-AHU,AHU-MA,Motor Trip Alarm,
7225,MVAC-AHU,AHU-MFC,Main Filter Clogged,
17892,MVAC-AHU,AHU-OCA-H,On-coil Air Relative Humidity,
12967,MVAC-AHU,AHU-OCA-T,On-coil Air Temperature,deg C
27480,MVAC-AHU,AHU-PA-FR,Primary Air Flow Rate,
12465,MVAC-AHU,AHU-PAD-FR,Primary Air Flow Rate,
24339,MVAC-AHU,AHU-PAD-S,Primary Air Damper Status,
13581,MVAC-AHU,AHU-PFC,Pre-filter Clogged,
14787,MVAC-AHU,AHU-PS,Power Supply,
15437,MVAC-AHU,AHU-RA-H,Return Air Relative Humidity,
22845,MVAC-AHU,AHU-RA-T,Return Air Temperature,deg C
21707,MVAC-AHU,AHU-RAD-CO2,Return Air CO2 Concentration,
675,MVAC-AHU,AHU-RAD-FR,Return Air Flow Rate,
17113,MVAC-AHU,AHU-S,On/Off Status,
395,MVAC-AHU,AHU-SA-T,Supply Air Temperature,deg C
19825,MVAC-AHU,AHU-SAD#-P,Supply Air Static Pressure,
579,MVAC-AHU,AHU-T#-L#-#-COOL_KW,,
1565,MVAC-AHU,AHU-T#-L#-#-COOL_KWH,,
1590,MVAC-AHU,AHU-T#-L#-#-FLOW-L/S,,
1430,MVAC-AHU,AHU-T#-L#-#-RT-TEMP,,
1553,MVAC-AHU,AHU-T#-L#-#-ST-TEMP,,
896,MVAC-AHU,AHU-T#-L#-#-VALVEPOSITION,,
23797,MVAC-AHU,AHU-UVLF,UV Lamp Fault Statu,
3021,MVAC-AHU,AHU-UVLS,UV Lamp Fault On/Off Status,
7110,MVAC-AHU,AHU-VSD-C,VSD Speec Control,
7552,MVAC-AHU,AHU-WFR,Chilled Water Flow Rate,
19354,MVAC-AHU,AHU-WFR-HL,,
24307,MVAC-AHU,CHW-DP,,
14760,MVAC-AHU,CO2-AVG,,
18698,MVAC-AHU,CO2-H-SP,,
6821,MVAC-AHU,CO2-L-SP,,
24157,MVAC-AHU,CO2-SP,,
1767,MVAC-AHU,PA#-SP,Static Pressure Setpoint,
9571,MVAC-AHU,PA-SP,,
19318,MVAC-AHU,PUA-PA,,
12537,MVAC-AHU,TEMP-SP,Temperature Setpoint,deg C
4749,MVAC-CAV,CAV-#,,
24993,MVAC-CAV,CAV-SA-TOTAL-FLOW-SP,,
12463,MVAC-CAV,CO2 FLOW-SP,Primary Air Flow Setpoint,
14306,MVAC-CAV,CO2-DPR-OPEN,Primary Air Damper Output,
13748,MVAC-CAV,CO2-MIN-FLOW-SP,,
12591,MVAC-CAV,DA-VP,,
29342,MVAC-CAV,DPR-O,Damper Opening,
21587,MVAC-CAV,SA-F,Supply Air Flow,
3791,MVAC-EAF,EAF-L#M-#-AM,,
20589,MVAC-EAF,EAF-L#M-#-C,,
11738,MVAC-EAF,EAF-L#M-#-ES,,
12165,MVAC-EAF,EAF-L#M-#-FT,,
9097,MVAC-EAF,EAF-L#M-#-MA,,
6279,MVAC-EAF,EAF-L#M-#-PS,,
5185,MVAC-EAF,EAF-L#M-#-S,,
25610,MVAC-EAF,EAF-L#M-#-SP-S,,
13110,MVAC-EAF,EAF-L#M-#-SP-T,,
12320,MVAC-EAF,EAF-T#-L#-# -AM,,
10158,MVAC-EAF,EAF-T#-L#-# -C,,
23634,MVAC-EAF,EAF-T#-L#-# -ES,,
5309,MVAC-EAF,EAF-T#-L#-# -FT,,
13517,MVAC-EAF,EAF-T#-L#-# -MA,,
14879,MVAC-EAF,EAF-T#-L#-# -PS,,
9497,MVAC-EAF,EAF-T#-L#-# -S,,
27830,MVAC-EAF,EAF-T#-L#-#- MOD,,
24692,MVAC-EAF,EAF-T#-L#-#-AF,,
13239,MVAC-EAF,EAF-T#-L#-#-AF-IN,,
10495,MVAC-EAF,EAF-T#-L#-#-AFR,,
22146,MVAC-EAF,EAF-T#-L#-#-AFS,,
27266,MVAC-EAF,EAF-T#-L#-#-AM,,
28224,MVAC-EAF,EAF-T#-L#-#-C,,
7830,MVAC-EAF,EAF-T#-L#-#-DUCT-SIZE,,
1541,MVAC-EAF,EAF-T#-L#-#-EMS,,
9075,MVAC-EAF,EAF-T#-L#-#-ES,,
2784,MVAC-EAF,EAF-T#-L#-#-FLOW,,
22182,MVAC-EAF,EAF-T#-L#-#-FLOW-SP,,
16356,MVAC-EAF,EAF-T#-L#-#-FS,,
8075,MVAC-EAF,EAF-T#-L#-#-FT,,
13933,MVAC-EAF,EAF-T#-L#-#-MA,,
10879,MVAC-EAF,EAF-T#-L#-#-MOD,,
11048,MVAC-EAF,EAF-T#-L#-#-MODS,,
1735,MVAC-EAF,EAF-T#-L#-#-PS,,
4447,MVAC-EAF,EAF-T#-L#-#-S,,
14479,MVAC-EAF,EAF-T#-L#-#-SC,,
18601,MVAC-EAF,EAF-T#-L#-#-SC-OUT,,
26348,MVAC-EAF,EAF-T#-L#-#-SP-T,,
24224,MVAC-EAF,EAF-T#-L#-#-SS,,
24296,MVAC-EAF,EAF-T#-L#-#-VSDA,,
25573,MVAC-EAF,EAF-T#-L#-#-VSDFQ,,
7088,MVAC-EAF,EAF-T#-L#-#-VSDS,,
13900,MVAC-EAF,EAF-T#-RF-#-AF,,
15718,MVAC-EAF,EAF-T#-RF-#-AFR,,
16962,MVAC-EAF,EAF-T#-RF-#-AM,,
2034,MVAC-EAF,EAF-T#-RF-#-C,,
4067,MVAC-EAF,EAF-T#-RF-#-DS,,
26273,MVAC-EAF,EAF-T#-RF-#-DUCT-SIZE,,
26500,MVAC-EAF,EAF-T#-RF-#-ES,,
6879,MVAC-EAF,EAF-T#-RF-#-FA,,
19943,MVAC-EAF,EAF-T#-RF-#-FLOW,,
19168,MVAC-EAF,EAF-T#-RF-#-FLOW-SP,,
25448,MVAC-EAF,EAF-T#-RF-#-FS,,
11334,MVAC-EAF,EAF-T#-RF-#-FT,,
13427,MVAC-EAF,EAF-T#-RF-#-HL,,
27109,MVAC-EAF,EAF-T#-RF-#-LL,,
16131,MVAC-EAF,EAF-T#-RF-#-MA,,
12722,MVAC-EAF,EAF-T#-RF-#-PS,,
6235,MVAC-EAF,EAF-T#-RF-#-S,,
7942,MVAC-EAF,EAF-T#-RF-#-SC,,
18056,MVAC-EAF,EAF-T#-RF-#-SP-S,,
10254,MVAC-EAF,EAF-T#-RF-#-SP-T,,
16013,MVAC-EAF,EAF-T#-RF-#-SS,,
29295,MVAC-EAF,EAF-T#-RF-#-T,,
25117,MVAC-EAF,EAF-T#-RF-#-VSDF,,
27618,MVAC-EAF,EAF-T#-RF-#-VSDS,,
620,MVAC-EAF,EAF-T#-URF-# -AM,,
19970,MVAC-EAF,EAF-T#-URF-# -C,,
9355,MVAC-EAF,EAF-T#-URF-# -ES,,
24514,MVAC-EAF,EAF-T#-URF-# -MA,,
21586,MVAC-EAF,EAF-T#-URF-# -PS,,
8592,MVAC-EAF,EAF-T#-URF-# -S,,
12607,MVAC-EAF,EAF-T#-URF-# -SP-T,,
19011,MVAC-EAF,EAF-T#-URF-#-AM,,
26890,MVAC-EAF,EAF-T#-URF-#-C,,
20294,MVAC-EAF,EAF-T#-URF-#-DS,,
2460,MVAC-EAF,EAF-T#-URF-#-ES,,
10351,MVAC-EAF,EAF-T#-URF-#-FA,,
3730,MVAC-EAF,EAF-T#-URF-#-FS,,
2306,MVAC-EAF,EAF-T#-URF-#-FT,,
16653,MVAC-EAF,EAF-T#-URF-#-MA,,
1027,MVAC-EAF,EAF-T#-URF-#-PS,,
8988,MVAC-EAF,EAF-T#-URF-#-S,,
22714,MVAC-EAF,EAF-T#-URF-#-SP-T,,
7778,MVAC-EAF,EAFT#L#-AFS,Air Flow Status,
9581,MVAC-EAF,EAFT#L#-C,On/Off Control,
9209,MVAC-EAF,EAFT#L#-DS,Damper On/Off Status,
4123,MVAC-EAF,EAFT#L#-EMS,,
20766,MVAC-EAF,EAFT#L#-FT,Fire Trip,
7137,MVAC-EAF,EAFT#L#-FT#,Fire Trip,
27431,MVAC-EAF,EAFT#L#-M,Auto/Manaul Status,
4829,MVAC-EAF,EAFT#L#-MA,Motor Trip Alarm,
25908,MVAC-EAF,EAFT#L#-PS,Power Supply,
27655,MVAC-EAF,EAFT#L#-S,On/Off Status,
16565,MVAC-FCU,FCU-C,,
29462,MVAC-FCU,FCU-G-C,On/Off Control,
28582,MVAC-FCU,FCU-G-S,On/Off Status,
2843,MVAC-FCU,FCU-S,,
9025,MVAC-FCU,FCU-T#-L#-#-COOL_KW,,
3932,MVAC-FCU,FCU-T#-L#-#-COOL_KWH,,
5121,MVAC-FCU,FCU-T#-L#-#-FLOW-L/S,,
4838,MVAC-FCU,FCU-T#-L#-#-RT-TEMP,,
2046,MVAC-FCU,FCU-T#-L#-#-ST-TEMP,,
4883,MVAC-FCU,FCU-T#-L#-#-VALVEPOSITION,,
22887,MVAC-MDP,MODAMPER-C,Damper On/Off Control,
1815,MVAC-MDP,MODAMPER-S,Damper On/Off Status,
27198,MVAC-MFD,MFDAMPER#-S,Damper On/Off Status,
25851,MVAC-MFD,MFDAMPER-S,Damper On/Off Status,
25616,MVAC-VAV,AUTOCAL-C,,
20873,MVAC-VAV,BOXHTG-O,,
26885,MVAC-VAV,CLDWN-MINFLOW,,
12857,MVAC-VAV,CLG-ABSEFFORT,,
7358,MVAC-VAV,CLG-ABSERROR,,
27846,MVAC-VAV,CLG-ERROR,,
19869,MVAC-VAV,CLG-EWMA,,
6869,MVAC-VAV,CLG-MAXFLOW,,
26001,MVAC-VAV,CLG-MINFLOW,,
15575,MVAC-VAV,CLG-MINFLOW#,,
3326,MVAC-VAV,CLG-O,,
4175,MVAC-VAV,CLG-REQ,,
24957,MVAC-VAV,CLG-REQ SRC,,
1646,MVAC-VAV,CLGOCC-MINFLOW,,
13988,MVAC-VAV,CLGOCC-SP,,
9303,MVAC-VAV,CLGSTBY-SP,,
9160,MVAC-VAV,CLGUNOCC-MINFLOW,,
15296,MVAC-VAV,CLGUNOCC-SP,,
18150,MVAC-VAV,DA-VP,,
2332,MVAC-VAV,DPR-O,Damper Opening,
21522,MVAC-VAV,EFFCLG-SP,,
6274,MVAC-VAV,EFFHTG-SP,,
25979,MVAC-VAV,HTG#-C,,
20200,MVAC-VAV,HTG-ABSEFFORT,,
10895,MVAC-VAV,HTG-ABSERROR,,
27568,MVAC-VAV,HTG-EN,,
25572,MVAC-VAV,HTG-ERROR,,
6298,MVAC-VAV,HTG-EWMA,,
22498,MVAC-VAV,HTG-MINFLOW,,
20131,MVAC-VAV,HTG-MINOFF,,
14032,MVAC-VAV,HTG-MINON,,
18142,MVAC-VAV,HTG-REQ,,
18538,MVAC-VAV,HTGOCC-MINFLOW,,
28697,MVAC-VAV,HTGOCC-SP,,
12400,MVAC-VAV,HTGSTBY-SP,,
25105,MVAC-VAV,HTGUNOCC-MINFLOW,,
2270,MVAC-VAV,HTGUNOCC-SP,,
23164,MVAC-VAV,MINFLOWCO2-PB,,
8262,MVAC-VAV,MINFLOWCO2-SP,,
8046,MVAC-VAV,OCC-LEVEL,,
26271,MVAC-VAV,OCCMODE-BYPASSTIME,,
334,MVAC-VAV,PFRESTART-EN,,
17330,MVAC-VAV,PFRESTART-TIME,,
14519,MVAC-VAV,PRESS-REQ,,
13914,MVAC-VAV,PRESS-REQ SRC,,
20750,MVAC-VAV,SA-AREA,,
3023,MVAC-VAV,SA-F,Supply Air Flow,
16601,MVAC-VAV,SA-KFACTOR,,
25944,MVAC-VAV,SA-T,,
28060,MVAC-VAV,SAD-ST,,
18012,MVAC-VAV,SAFLOW-ABSEFFORT,,
20765,MVAC-VAV,SAFLOW-ABSERROR,,
3388,MVAC-VAV,SAFLOW-ERROR,,
26230,MVAC-VAV,SAFLOW-EWMA,,
25433,MVAC-VAV,SAFLOW-SP,,
16192,MVAC-VAV,SPMAXPOS,,
24385,MVAC-VAV,STGDEV-MINFLOW,,
18815,MVAC-VAV,TUNING-RESET,,
28324,MVAC-VAV,UNOCC-SATTIME,,
14348,MVAC-VAV,VAV-#,,
27177,MVAC-VAV,VAV-#H,,
5015,MVAC-VAV,WCT-DIFF,,
10908,MVAC-VAV,WU-MINFLOW,,
10861,MVAC-VAV,ZN-T,Zone Temperature,deg C
12647,MVAC-VAV,ZN-T-SP,Zone Temperature Setpoint,deg C
17735,MWP,MWP-RF-T#-#-C,,
8488,MWP,MWP-RF-T#-AM,,
15898,MWP,MWP-RF-T#-ES,,
16366,MWP,MWP-RF-T#-HL,,
769,MWP,MWP-RF-T#-LL,,
7618,MWP,MWP-RF-T#-MA,,
5866,MWP,MWP-RF-T#-PS,,
19595,MWP,MWP-RF-T#-S,,
1435,PAU,PAU-AFS,,
15348,PAU,PAU-C,,
4541,PAU,PAU-CRWT,,
17033,PAU,PAU-CSWT,,
8133,PAU,PAU-CV,,
1988,PAU,PAU-CV-C,,
4631,PAU,PAU-CV-S,,
6314,PAU,PAU-CWRT,,
9777,PAU,PAU-CWST,,
1550,PAU,PAU-DC,,
15767,PAU,PAU-DS,,
6935,PAU,PAU-DUCT-SIZE,,
9576,PAU,PAU-EMS,,
3125,PAU,PAU-FAD-C,,
18491,PAU,PAU-FT,,
9775,PAU,PAU-M,,
6110,PAU,PAU-MA,,
1116,PAU,PAU-MESP-F,,
19930,PAU,PAU-MESP-M,,
15338,PAU,PAU-MFC,,
7397,PAU,PAU-OA-H,,
9948,PAU,PAU-OA-T,,
11627,PAU,PAU-PA,,
3695,PAU,PAU-PFC,,
6947,PAU,PAU-PS,,
19423,PAU,PAU-S,,
21340,PAU,PAU-SA-FR,,
7376,PAU,PAU-SA-FR#,,
2354,PAU,PAU-SA-P,,
1124,PAU,PAU-SA-T,,
645,PAU,PAU-SA-T-SP,,
9426,PAU,PAU-SAD#-S,,
12773,PAU,PAU-SC,,
16606,PAU,PAU-T#-L#-#,,
18667,PAU,PAU-T#-L#-#-AFR,,
2639,PAU,PAU-T#-L#-#-COOL_KW,,
8691,PAU,PAU-T#-L#-#-COOL_KWH,,
20687,PAU,PAU-T#-L#-#-FLOW-L/S,,
29006,PAU,PAU-T#-L#-#-RT-TEMP,,
9574,PAU,PAU-T#-L#-#-ST-TEMP,,
4997,PAU,PAU-T#-L#-#-VALVEPOSITION,,
14584,PAU,PAU-T#-RF-#,,
9752,PAU,PAU-T#-RF-#-COOL_KW,,
7939,PAU,PAU-T#-RF-#-COOL_KWH,,
6555,PAU,PAU-T#-RF-#-FLOW-L/S,,
15441,PAU,PAU-T#-RF-#-RT-TEMP,,
27677,PAU,PAU-T#-RF-#-ST-TEMP,,
22029,PAU,PAU-T#-RF-#-VALVEPOSITION,,
19486,PAU,PAU-T#-URF-#,,
10591,PAU,PAU-T#-URF-#-COOL_KW,,
8018,PAU,PAU-T#-URF-#-COOL_KWH,,
14516,PAU,PAU-T#-URF-#-FLOW-L/S,,
15321,PAU,PAU-T#-URF-#-RT-TEMP,,
19192,PAU,PAU-T#-URF-#-ST-TEMP,,
16897,PAU,PAU-T#-URF-#-VALVEPOSITION,,
19048,PAU,PAU-UVLF,,
9427,PAU,PAU-VS,,
11493,PAU,PAU-WFR,,
9912,PWT,PWT-T#-A-HL,,
21097,PWT,PWT-T#-A-LL,,
37,PWT,PWT-T#-B-HL,,
7117,PWT,PWT-T#-B-LL,,
24765,PWT,PWT-T#-E-HL,,
976,PWT,PWT-T#-E-LL,,
18915,PWT,PWT-T#-F-HL,,
3005,WCC,ALARMSTATE,,
5702,WCC,COMPRESS_SPC,,
20754,WCC,COMPRESS_SUPRHEAT,,
21999,WCC,COMPRESS_VFD_ACT,,
1130,WCC,DISABLE-WCC-AUTO,,
17753,WCC,DISABLE-WCC-POWER,,
7315,WCC,DISABLE-WCC-RUNNING,,
747,WCC,HEAT_EX_CHLDP,,
21944,WCC,HEAT_EX_CHL_DT,,
7163,WCC,HEAT_EX_COND_APP,,
17418,WCC,HEAT_EX_CRP,,
14624,WCC,HEAT_EX_CRT,,
22066,WCC,HEAT_EX_ECDL,,
9915,WCC,HEAT_EX_ECL,,
29167,WCC,HEAT_EX_ERP,,
47,WCC,HEAT_EX_EST,,
11449,WCC,HEAT_EX_EVAP_APP,,
21767,WCC,HEAT_EX_LCDL,,
9039,WCC,HEAT_EX_LCL,,
15391,WCC,HYDRLIC_CDW_FLOW,,
19932,WCC,HYDRLIC_CDW_FV,,
14145,WCC,HYDRLIC_CHW_FLOW,,
3318,WCC,HYDRLIC_CHW_FV,,
27009,WCC,HYDRLIC_COND_EWP,,
21240,WCC,HYDRLIC_COND_FS,,
24701,WCC,HYDRLIC_COND_LWP,,
23940,WCC,HYDRLIC_EVAP_EWP,,
22755,WCC,HYDRLIC_EVAP_FS,,
25068,WCC,HYDRLIC_EVAP_LWP,,
16608,WCC,INPUTS_DIFF_ACT,,
3607,WCC,INPUTS_GV#_ACT,,
12156,WCC,INPUTS_HF_LS,,
11740,WCC,INPUTS_HP_SW,,
11947,WCC,INPUTS_LIM_SW#,,
1678,WCC,INPUTS_OIL_L_A,,
10324,WCC,INPUTS_ONOFF_SW,,
28095,WCC,INPUTS_PGLE_HI,,
10716,WCC,INPUTS_PGLE_LO,,
28103,WCC,INPUTS_REM_CON,,
12458,WCC,INPUTS_VFD_ACT,,
27094,WCC,MAINSTAT_ALM,,
20032,WCC,MAINSTAT_CHIL_S_S,,
10507,WCC,MAINSTAT_CHL_TMP,,
20835,WCC,MAINSTAT_DEM_LIM,,
7550,WCC,MAINSTAT_LCW_STPT,,
18416,WCC,MAINSTAT_MODE,,
14720,WCC,MAINSTAT_REM_CON,,
11966,WCC,MAINSTAT_STARTS,,
19036,WCC,MAINSTAT_STATUS,,
6397,WCC,MAINSTAT_SYS_ALM,,
27208,WCC,MAINSTAT_S_HRS,,
10392,WCC,OCCSTATE_#,,
26533,WCC,OUTPUTS_ALARM,,
18321,WCC,OUTPUTS_ALE,,
5074,WCC,OUTPUTS_ALERT,,
3395,WCC,OUTPUTS_ALM,,
18006,WCC,OUTPUTS_COMP_SR,,
1861,WCC,OUTPUTS_CP_A,,
19567,WCC,OUTPUTS_RUNNING,,
28077,WCC,OUTPUTS_RUN_STAT,,
9491,WCC,POWER-DOWN_T#-WCC-#-#,,
14944,WCC,POWER_DEM_KW,,
21331,WCC,POWER_I_AMPS_A_I,,
22088,WCC,POWER_I_KW,,
28839,WCC,POWER_I_KWH,,
5089,WCC,POWER_I_LN_AMPS#,,
8489,WCC,POWER_I_LN_VOLT#,,
3644,WCC,POWER_I_VOLT_A,,
4745,WCC,POWER_KWH,,
10875,WCC,POWER_LD_AMPS#,,
5549,WCC,POWER_LINE_KW,,
17680,WCC,POWER_LINE_PF,,
22572,WCC,POWER_LNAMPS_A,,
11819,WCC,POWER_LNVOLT_A,,
5539,WCC,POWER_LN_AMPS#,,
15236,WCC,POWER_MOTOR_KW,,
24124,WCC,POWER_MOTOR_PF,,
12276,WCC,POWER_O_MOT_FREQ,,
19909,WCC,POWER_O_VFD_FACT,,
18910,WCC,POWER_O_VFD_LOAD,,
1053,WCC,PRESSURE_COND_P,,
6675,WCC,PRESSURE_DIFF_P,,
5706,WCC,PRESSURE_DOP_A,,
18192,WCC,PRESSURE_DP_A,,
8432,WCC,PRESSURE_ECON_P,,
17425,WCC,PRESSURE_ECO_P_A,,
8967,WCC,PRESSURE_EVAP_P,,
10888,WCC,PRESSURE_OILP_DIS,,
10448,WCC,PRESSURE_OILP_SMP,,
11585,WCC,PRESSURE_OIL_PD,,
22678,WCC,PRESSURE_OP_A,,
6288,WCC,PRESSURE_SP_A,,
15271,WCC,PUMPSTAT_CONDFLOW,,
28619,WCC,PUMPSTAT_FLOW_SW,,
14046,WCC,RUNTIME_HR_MACH,,
4310,WCC,RUNTIME_SRV_HRS,,
28851,WCC,SETPOINT_CSP#,,
27913,WCC,SETPOINT_DEM_BASE,,
762,WCC,SETPOINT_DLM,,
8427,WCC,SETPOINT_ECL_SP,,
7360,WCC,SETPOINT_LCL_SP,,
27229,WCC,SETPOINT_LCW_SP,,
8025,WCC,SETPOINT_LIM_SP#,,
26510,WCC,STARTUP_CDL_FLOW,,
11979,WCC,STARTUP_CHL_FLOW,,
15888,WCC,STARTUP_CPR_RPM,,
7826,WCC,STARTUP_OILPD,,
5266,WCC,STARTUP_OILT,,
3100,WCC,STARTUP_VAP_TEMP,,
29195,WCC,STARTUP_VFD_FREQ,,
1208,WCC,TEMP_COND_EWT,,
723,WCC,TEMP_COND_LWT,,
11562,WCC,TEMP_COOL_EWT,,
11941,WCC,TEMP_COOL_LWT,,
28411,WCC,TEMP_CP_TMP_A,,
21535,WCC,TEMP_DGT_A,,
10352,WCC,TEMP_ECDW,,
26231,WCC,TEMP_ECO_T_A,,
5793,WCC,TEMP_ECW,,
12202,WCC,TEMP_EVAP_SAT,,
26453,WCC,TEMP_EVAP_T,,
19498,WCC,TEMP_LCDW,,
16678,WCC,TEMP_LCW,,
20956,WCC,TEMP_SCT_A,,
9878,WCC,TEMP_SST_A,,
26823,WCC,TEMP_SUCT_A,,
19282,WCC,WCC-#-CDW-VS-IN,,
17037,WCC,WCC-#-CHW-VS-IN,,
26205,WCC,WCC-#-CMD-OUT,,
25743,WCC,WCC-#-READY-ON-IN,,
6233,WCC,WCC-#-RUNTIME-IN,,
27031,WCC,WCC-T#-#-#-POWER-DOWN,,
10056,WCC,WCC-T#-#-AM,,
29395,WCC,WCC-T#-#-C,,
2719,WCC,WCC-T#-#-CDW-FS,,
11839,WCC,WCC-T#-#-CDW-VC,,
2084,WCC,WCC-T#-#-CDW-VS,,
21201,WCC,WCC-T#-#-CDW-VS-MM,,
1166,WCC,WCC-T#-#-CDWET,,
19421,WCC,WCC-T#-#-CDWLT,,
17011,WCC,WCC-T#-#-CHW-FS,,
28466,WCC,WCC-T#-#-CHW-VC,,
9047,WCC,WCC-T#-#-CHW-VC-IN,,
12915,WCC,WCC-T#-#-CHW-VC-OUT,,
2370,WCC,WCC-T#-#-CHW-VS,,
5740,WCC,WCC-T#-#-CHW-VS-IN,,
7028,WCC,WCC-T#-#-CHW-VS-MM,,
14499,WCC,WCC-T#-#-CHWET,,
12959,WCC,WCC-T#-#-CHWLT,,
21065,WCC,WCC-T#-#-CMD-IN,,
5592,WCC,WCC-T#-#-EANBLE,,
12924,WCC,WCC-T#-#-ES,,
23636,WCC,WCC-T#-#-MA,,
5697,WCC,WCC-T#-#-MM,,
19231,WCC,WCC-T#-#-PS,,
20025,WCC,WCC-T#-#-READY-ON-OUT,,
3903,WCC,WCC-T#-#-RESET,,
12448,WCC,WCC-T#-#-RUN-OFFSET,,
17915,WCC,WCC-T#-#-RUNTIME,,
19198,WCC,WCC-T#-#-RUNTIME-OFFSET,,
16445,WCC,WCC-T#-#-RUNTIME-OUT,,
27216,WCC,WCC-T#-#-S,,
27928,WCC,WCC-T#-#-WFR,,
